Test Case ID,Module,Submodule,Scenario,Type,Precondition,Steps,Test Data,Expected Result,Priority,Actual Result,Status,Remarks
LOGIN-001,Login & Access,Sign In,Login page opens successfully,Positive,Application URL is available,Open application URL,Valid: admin@school.com / Pass@123; Invalid: wrong@school.com / Wrong123,Login page is displayed with Email Password Captcha and Sign In button,P0,,Not Executed,
LOGIN-002,Login & Access,Sign In,Required validation for empty form,Negative,User is on login page,Click Sign In without entering details,Valid: admin@school.com / Pass@123; Invalid: wrong@school.com / Wrong123,Required validation messages are shown and login is blocked,P0,,Not Executed,
LOGIN-003,Login & Access,Sign In,Email field accepts valid format,Positive,User is on login page,Enter valid email and move cursor out,Valid: admin@school.com / Pass@123; Invalid: wrong@school.com / Wrong123,No validation error is shown for email format,P1,,Not Executed,
LOGIN-004,Login & Access,Sign In,Invalid email format check,Negative,User is on login page,Enter invalid email like abc and click Sign In,Valid: admin@school.com / Pass@123; Invalid: wrong@school.com / Wrong123,System shows invalid email validation or blocks submit,P0,,Not Executed,
LOGIN-005,Login & Access,Sign In,Password visibility toggle works,Positive,User is on login page,Enter password then click eye icon,Valid: admin@school.com / Pass@123; Invalid: wrong@school.com / Wrong123,Password is shown and hidden correctly,P2,,Not Executed,
LOGIN-006,Login & Access,Captcha,Captcha refresh generates new captcha,Positive,User is on login page,Click captcha refresh icon,Valid: admin@school.com / Pass@123; Invalid: wrong@school.com / Wrong123,Captcha image/text changes,P1,,Not Executed,
LOGIN-007,Login & Access,Sign In,Invalid credentials are rejected,Negative,Test invalid user exists,Enter wrong email/password then click Sign In,Valid: admin@school.com / Pass@123; Invalid: wrong@school.com / Wrong123,Login fails and user stays on login page,P0,,Not Executed,
LOGIN-008,Login & Access,Sign In,Valid admin login,Positive,Valid admin credentials are available,Enter valid admin credentials and click Sign In,Valid: admin@school.com / Pass@123; Invalid: wrong@school.com / Wrong123,User is redirected to Admin dashboard,P0,,Not Executed,
LOGIN-009,Login & Access,Session,Protected URL without login,Negative,User is logged out,Open protected Admin URL directly,Valid: admin@school.com / Pass@123; Invalid: wrong@school.com / Wrong123,User is redirected to sign in page,P0,,Not Executed,
LOGIN-010,Login & Access,Session,Logout clears active session,Positive,User is logged in,Click logout and try browser back,Valid: admin@school.com / Pass@123; Invalid: wrong@school.com / Wrong123,User cannot access protected page without login,P0,,Not Executed,
LOGIN-011,Login & Access,Sign In,Login with blank password,Negative,User is on login page,Enter only email and click Sign In,Valid: admin@school.com / Pass@123; Invalid: wrong@school.com / Wrong123,Validation shown and login blocked,P0,,Not Executed,
LOGIN-012,Login & Access,Sign In,Login with blank email,Negative,User is on login page,Enter only password and click Sign In,Valid: admin@school.com / Pass@123; Invalid: wrong@school.com / Wrong123,Validation shown and login blocked,P0,,Not Executed,
NAV-001,Dashboard Navigation,Dashboard,Dashboard opens after login,Positive,User logged in as admin,Login with valid admin account,Use valid existing master data; include one invalid/duplicate sample for negative case,Dashboard page opens by default,P0,,Not Executed,
NAV-002,Dashboard Navigation,Side Menu,Masters menu expand and collapse,Positive,User on dashboard,Click Masters then click again,Use valid existing master data; include one invalid/duplicate sample for negative case,Submenu opens then collapses,P1,,Not Executed,
NAV-003,Dashboard Navigation,Side Menu,Academic menu expand and collapse,Positive,User on dashboard,Click Academic then click again,Use valid existing master data; include one invalid/duplicate sample for negative case,Submenu opens then collapses,P1,,Not Executed,
NAV-004,Dashboard Navigation,Side Menu,Open page from Masters submenu,Positive,Masters menu is expanded,Click any submenu like Class,Use valid existing master data; include one invalid/duplicate sample for negative case,Correct page opens and menu item is active,P0,,Not Executed,
NAV-005,Dashboard Navigation,Side Menu,Open page from Academic submenu,Positive,Academic menu is expanded,Click Admission,Use valid existing master data; include one invalid/duplicate sample for negative case,Admission page opens correctly,P0,,Not Executed,
NAV-006,Dashboard Navigation,Side Menu,Sidebar collapse and expand on desktop,Positive,User on desktop view,Use sidebar toggle to collapse and expand,Use valid existing master data; include one invalid/duplicate sample for negative case,Sidebar view updates without layout break,P2,,Not Executed,
NAV-007,Dashboard Navigation,Routing,URL changes with selected submenu,Positive,User navigates through side menu,Open Class then open Staff,Use valid existing master data; include one invalid/duplicate sample for negative case,URL and page content match selected menu,P1,,Not Executed,
NAV-008,Dashboard Navigation,Routing,Direct invalid submenu URL,Negative,User logged in,Enter invalid Admin child URL manually,Use valid existing master data; include one invalid/duplicate sample for negative case,System does not load wrong page and handles route safely,P1,,Not Executed,
NAV-009,Dashboard Navigation,Mobile Navigation,Mobile bottom nav opens target area,Positive,Mobile viewport is enabled,Tap Masters or Academics from mobile bottom nav,Use valid existing master data; include one invalid/duplicate sample for negative case,Related section opens in mobile menu,P2,,Not Executed,
NAV-010,Dashboard Navigation,Mobile Navigation,Mobile menu closes after navigation,Positive,Mobile menu is open,Select any submenu page,Use valid existing master data; include one invalid/duplicate sample for negative case,Selected page opens and menu closes,P2,,Not Executed,
M-SD-001,Masters,School Details,Open School Details page,Positive,Admin user is logged in,Go to Masters > School Details,"School Name: Sunrise School, Email: info@sunrise.edu, Phone: 9876543210",School Details page loads successfully,P0,,Not Executed,
M-SD-002,Masters,School Details,Create school details with valid data,Positive,School Details form is visible,Enter all mandatory fields and save,"School Name: Sunrise School, Email: info@sunrise.edu, Phone: 9876543210",Record is saved successfully,P0,,Not Executed,
M-SD-003,Masters,School Details,Edit school details,Positive,Existing school details present,Update one field and save,"School Name: Sunrise School, Email: info@sunrise.edu, Phone: 9876543210",Updated details are saved and displayed,P0,,Not Executed,
M-SD-004,Masters,School Details,View saved school details,Positive,Record exists,Refresh page and view details,"School Name: Sunrise School, Email: info@sunrise.edu, Phone: 9876543210",Saved data persists and displays correctly,P1,,Not Executed,
M-SD-005,Masters,School Details,Save with missing mandatory fields,Negative,School Details form is visible,Leave required fields empty and save,"School Name: Sunrise School, Email: info@sunrise.edu, Phone: 9876543210",Validation message shown and save blocked,P0,,Not Executed,
M-SD-006,Masters,School Details,Invalid email format in contact details,Negative,School Details form is visible,Enter invalid email and save,"School Name: Sunrise School, Email: info@sunrise.edu, Phone: 9876543210",Validation shown for invalid email,P1,,Not Executed,
M-SD-007,Masters,School Details,Invalid phone number format,Negative,School Details form is visible,Enter invalid phone and save,"School Name: Sunrise School, Email: info@sunrise.edu, Phone: 9876543210",Validation shown for phone format,P1,,Not Executed,
M-SD-008,Masters,School Details,Cancel without saving,Negative,Unsaved changes made,Click cancel or navigate away,"School Name: Sunrise School, Email: info@sunrise.edu, Phone: 9876543210",Unsaved data is not committed,P2,,Not Executed,
M-AY-001,Masters,Academic Year,Open Academic Year page,Positive,Admin user is logged in,Go to Masters > Academic Year,"Valid: AY 2026-27, 01-06-2026 to 31-03-2027; Invalid: end date before start date",Academic Year page loads successfully,P0,,Not Executed,
M-AY-002,Masters,Academic Year,Create academic year with valid dates,Positive,Academic Year form is visible,Enter valid year start and end date and save,"Valid: AY 2026-27, 01-06-2026 to 31-03-2027; Invalid: end date before start date",Academic year is saved,P0,,Not Executed,
M-AY-003,Masters,Academic Year,Edit academic year,Positive,Academic year exists,Modify year name or dates and save,"Valid: AY 2026-27, 01-06-2026 to 31-03-2027; Invalid: end date before start date",Changes are updated successfully,P0,,Not Executed,
M-AY-004,Masters,Academic Year,View academic year list,Positive,Records exist,Open list and verify new record,"Valid: AY 2026-27, 01-06-2026 to 31-03-2027; Invalid: end date before start date",Record appears in list,P1,,Not Executed,
M-AY-005,Masters,Academic Year,End date earlier than start date,Negative,Academic Year form is visible,Enter end date before start date and save,"Valid: AY 2026-27, 01-06-2026 to 31-03-2027; Invalid: end date before start date",Validation shown and save blocked,P0,,Not Executed,
M-AY-006,Masters,Academic Year,Duplicate academic year entry,Negative,One year already exists,Create same year again and save,"Valid: AY 2026-27, 01-06-2026 to 31-03-2027; Invalid: end date before start date",Duplicate is rejected or warned,P1,,Not Executed,
M-AY-007,Masters,Academic Year,Missing mandatory fields,Negative,Academic Year form is visible,Leave required fields empty and save,"Valid: AY 2026-27, 01-06-2026 to 31-03-2027; Invalid: end date before start date",Validation message shown,P0,,Not Executed,
M-AY-008,Masters,Academic Year,Delete academic year,Negative,Record selected for delete,Click delete and confirm,"Valid: AY 2026-27, 01-06-2026 to 31-03-2027; Invalid: end date before start date",Record deleted only after confirmation,P1,,Not Executed,
M-SYL-001,Masters,Syllabus,Open Syllabus page,Positive,Admin user is logged in,Go to Masters > Syllabus,Use valid existing master data; include one invalid/duplicate sample for negative case,Syllabus page loads successfully,P0,,Not Executed,
M-SYL-002,Masters,Syllabus,Create syllabus with valid inputs,Positive,Syllabus form is visible,Select class subject and enter syllabus then save,Use valid existing master data; include one invalid/duplicate sample for negative case,Syllabus is saved,P0,,Not Executed,
M-SYL-003,Masters,Syllabus,Edit syllabus record,Positive,Syllabus record exists,Update syllabus data and save,Use valid existing master data; include one invalid/duplicate sample for negative case,Record is updated successfully,P1,,Not Executed,
M-SYL-004,Masters,Syllabus,Search syllabus record,Positive,Multiple records exist,Use search with valid keyword,Use valid existing master data; include one invalid/duplicate sample for negative case,Matching records are displayed,P2,,Not Executed,
M-SYL-005,Masters,Syllabus,Save without selecting class,Negative,Syllabus form is visible,Keep class blank and save,Use valid existing master data; include one invalid/duplicate sample for negative case,Validation shown for required class,P0,,Not Executed,
M-SYL-006,Masters,Syllabus,Save without selecting subject,Negative,Syllabus form is visible,Keep subject blank and save,Use valid existing master data; include one invalid/duplicate sample for negative case,Validation shown for required subject,P0,,Not Executed,
M-SYL-007,Masters,Syllabus,Duplicate syllabus for same class and subject,Negative,Same mapping already exists,Create same mapping and save,Use valid existing master data; include one invalid/duplicate sample for negative case,Duplicate is rejected or warned,P1,,Not Executed,
M-SYL-008,Masters,Syllabus,Delete syllabus record,Negative,Record exists,Delete and confirm,Use valid existing master data; include one invalid/duplicate sample for negative case,Record is removed after confirmation,P1,,Not Executed,
M-CLS-001,Masters,Class,Open Class page,Positive,Admin user is logged in,Go to Masters > Class,Class: Grade 1; Division: A; Invalid duplicate: Grade 1 - A,Class page loads successfully,P0,,Not Executed,
M-CLS-002,Masters,Class,Create class with valid data,Positive,Class form is visible,Enter class name and save,Class: Grade 1; Division: A; Invalid duplicate: Grade 1 - A,Class is created successfully,P0,,Not Executed,
M-CLS-003,Masters,Class,Edit class details,Positive,Class record exists,Change class detail and save,Class: Grade 1; Division: A; Invalid duplicate: Grade 1 - A,Class update is successful,P0,,Not Executed,
M-CLS-004,Masters,Class,View class in listing,Positive,Class record exists,Open class list,Class: Grade 1; Division: A; Invalid duplicate: Grade 1 - A,Created class appears in list,P1,,Not Executed,
M-CLS-005,Masters,Class,Save class with empty mandatory fields,Negative,Class form is visible,Leave required fields empty and save,Class: Grade 1; Division: A; Invalid duplicate: Grade 1 - A,Validation appears and save blocked,P0,,Not Executed,
M-CLS-006,Masters,Class,Duplicate class creation,Negative,Class already exists,Create same class again and save,Class: Grade 1; Division: A; Invalid duplicate: Grade 1 - A,Duplicate class is rejected or warned,P1,,Not Executed,
M-CLS-007,Masters,Class,Delete class in use,Negative,Class mapped to data,Attempt delete mapped class,Class: Grade 1; Division: A; Invalid duplicate: Grade 1 - A,System blocks delete with message,P1,,Not Executed,
M-CLS-008,Masters,Class,Cancel class creation,Negative,Form has unsaved data,Click cancel or clear,Class: Grade 1; Division: A; Invalid duplicate: Grade 1 - A,No new class is saved,P2,,Not Executed,
M-DIV-001,Masters,Division,Open Division page,Positive,Admin user is logged in,Go to Masters > Division,Class: Grade 1; Division: A; Invalid duplicate: Grade 1 - A,Division page loads successfully,P0,,Not Executed,
M-DIV-002,Masters,Division,Create division with valid class mapping,Positive,Division form is visible,Select class enter division and save,Class: Grade 1; Division: A; Invalid duplicate: Grade 1 - A,Division is created successfully,P0,,Not Executed,
M-DIV-003,Masters,Division,Edit division details,Positive,Division record exists,Update details and save,Class: Grade 1; Division: A; Invalid duplicate: Grade 1 - A,Record updates successfully,P1,,Not Executed,
M-DIV-004,Masters,Division,View division in list,Positive,Record exists,Open division list,Class: Grade 1; Division: A; Invalid duplicate: Grade 1 - A,New division appears in list,P1,,Not Executed,
M-DIV-005,Masters,Division,Division without class mapping,Negative,Division form is visible,Do not select class and save,Class: Grade 1; Division: A; Invalid duplicate: Grade 1 - A,Validation shown and save blocked,P0,,Not Executed,
M-DIV-006,Masters,Division,Duplicate division under same class,Negative,Division already exists under class,Try creating same division,Class: Grade 1; Division: A; Invalid duplicate: Grade 1 - A,Duplicate is rejected or warned,P1,,Not Executed,
M-DIV-007,Masters,Division,Delete mapped division,Negative,Division is linked with students,Try deleting linked division,Class: Grade 1; Division: A; Invalid duplicate: Grade 1 - A,System prevents delete with message,P1,,Not Executed,
M-DIV-008,Masters,Division,Invalid characters in division name,Negative,Division form is visible,Enter invalid special characters and save,Class: Grade 1; Division: A; Invalid duplicate: Grade 1 - A,Validation shown for invalid input,P2,,Not Executed,
M-SUB-001,Masters,Subject,Open Subject page,Positive,Admin user is logged in,Go to Masters > Subject,Use valid existing master data; include one invalid/duplicate sample for negative case,Subject page loads successfully,P0,,Not Executed,
M-SUB-002,Masters,Subject,Create subject with valid input,Positive,Subject form is visible,Enter subject name and save,Use valid existing master data; include one invalid/duplicate sample for negative case,Subject is saved successfully,P0,,Not Executed,
M-SUB-003,Masters,Subject,Edit subject,Positive,Subject exists,Update subject and save,Use valid existing master data; include one invalid/duplicate sample for negative case,Subject updated successfully,P1,,Not Executed,
M-SUB-004,Masters,Subject,Search subject,Positive,Multiple subjects exist,Search by subject name,Use valid existing master data; include one invalid/duplicate sample for negative case,Relevant results are shown,P2,,Not Executed,
M-SUB-005,Masters,Subject,Save subject with empty mandatory fields,Negative,Subject form is visible,Leave required data empty and save,Use valid existing master data; include one invalid/duplicate sample for negative case,Validation shown,P0,,Not Executed,
M-SUB-006,Masters,Subject,Duplicate subject creation,Negative,Subject already exists,Create same subject and save,Use valid existing master data; include one invalid/duplicate sample for negative case,Duplicate rejected or warned,P1,,Not Executed,
M-SUB-007,Masters,Subject,Delete subject in active mapping,Negative,Subject mapped with class/staff,Attempt delete,Use valid existing master data; include one invalid/duplicate sample for negative case,Delete blocked with proper message,P1,,Not Executed,
M-SUB-008,Masters,Subject,Invalid subject length/format,Negative,Subject form is visible,Enter invalid too long or bad format text,Use valid existing master data; include one invalid/duplicate sample for negative case,Validation displayed,P2,,Not Executed,
M-SS-001,Masters,Subject Staff,Open Subject Staff page,Positive,Admin user is logged in,Go to Masters > Subject Staff,"Class: Grade 6 A, Subject: Math, Staff: STF001",Subject Staff page loads successfully,P0,,Not Executed,
M-SS-002,Masters,Subject Staff,Assign subject to staff,Positive,Staff and subject data exist,Select class subject and staff then save,"Class: Grade 6 A, Subject: Math, Staff: STF001",Mapping saved successfully,P0,,Not Executed,
M-SS-003,Masters,Subject Staff,Edit assignment,Positive,Mapping exists,Change assigned staff and save,"Class: Grade 6 A, Subject: Math, Staff: STF001",Assignment updated successfully,P1,,Not Executed,
M-SS-004,Masters,Subject Staff,View assignment list,Positive,Mappings exist,Open list view,"Class: Grade 6 A, Subject: Math, Staff: STF001",Saved mappings appear correctly,P1,,Not Executed,
M-SS-005,Masters,Subject Staff,Save without selecting staff,Negative,Form is visible,Keep staff blank and save,"Class: Grade 6 A, Subject: Math, Staff: STF001",Validation shown and save blocked,P0,,Not Executed,
M-SS-006,Masters,Subject Staff,Save without selecting subject,Negative,Form is visible,Keep subject blank and save,"Class: Grade 6 A, Subject: Math, Staff: STF001",Validation shown and save blocked,P0,,Not Executed,
M-SS-007,Masters,Subject Staff,Duplicate assignment creation,Negative,Same mapping already exists,Create same mapping again,"Class: Grade 6 A, Subject: Math, Staff: STF001",Duplicate rejected or warned,P1,,Not Executed,
M-SS-008,Masters,Subject Staff,Delete assignment,Negative,Assignment exists,Delete and confirm,"Class: Grade 6 A, Subject: Math, Staff: STF001",Mapping removed after confirmation,P1,,Not Executed,
M-MOD-001,Masters,Modules,Open Modules page,Positive,Admin user is logged in,Go to Masters > Modules,Use valid existing master data; include one invalid/duplicate sample for negative case,Modules page loads successfully,P0,,Not Executed,
M-MOD-002,Masters,Modules,Create new module,Positive,Modules form is visible,Enter valid module details and save,Use valid existing master data; include one invalid/duplicate sample for negative case,Module is created successfully,P0,,Not Executed,
M-MOD-003,Masters,Modules,Edit module details,Positive,Module exists,Modify details and save,Use valid existing master data; include one invalid/duplicate sample for negative case,Module is updated,P1,,Not Executed,
M-MOD-004,Masters,Modules,View module in list,Positive,Module exists,Open module listing,Use valid existing master data; include one invalid/duplicate sample for negative case,Module appears in list,P1,,Not Executed,
M-MOD-005,Masters,Modules,Save module with empty mandatory fields,Negative,Modules form is visible,Leave mandatory fields blank and save,Use valid existing master data; include one invalid/duplicate sample for negative case,Validation shown,P0,,Not Executed,
M-MOD-006,Masters,Modules,Duplicate module name,Negative,Module name already exists,Create same module name again,Use valid existing master data; include one invalid/duplicate sample for negative case,Duplicate rejected or warned,P1,,Not Executed,
M-MOD-007,Masters,Modules,Delete module linked with pages,Negative,Module has page mapping,Attempt delete linked module,Use valid existing master data; include one invalid/duplicate sample for negative case,Delete blocked with message,P1,,Not Executed,
M-MOD-008,Masters,Modules,Invalid module name format,Negative,Modules form is visible,Enter invalid special characters and save,Use valid existing master data; include one invalid/duplicate sample for negative case,Validation displayed,P2,,Not Executed,
M-PAG-001,Masters,Pages,Open Pages page,Positive,Admin user is logged in,Go to Masters > Pages,Use valid existing master data; include one invalid/duplicate sample for negative case,Pages page loads successfully,P0,,Not Executed,
M-PAG-002,Masters,Pages,Create new page under module,Positive,Module exists,Select module enter page name and save,Use valid existing master data; include one invalid/duplicate sample for negative case,Page is created successfully,P0,,Not Executed,
M-PAG-003,Masters,Pages,Edit page details,Positive,Page exists,Update page details and save,Use valid existing master data; include one invalid/duplicate sample for negative case,Page is updated,P1,,Not Executed,
M-PAG-004,Masters,Pages,View pages list,Positive,Pages exist,Open list,Use valid existing master data; include one invalid/duplicate sample for negative case,Pages are displayed correctly,P1,,Not Executed,
M-PAG-005,Masters,Pages,Save page without module selection,Negative,Pages form is visible,Keep module empty and save,Use valid existing master data; include one invalid/duplicate sample for negative case,Validation shown and save blocked,P0,,Not Executed,
M-PAG-006,Masters,Pages,Duplicate page in same module,Negative,Same page already exists,Create same page and save,Use valid existing master data; include one invalid/duplicate sample for negative case,Duplicate rejected or warned,P1,,Not Executed,
M-PAG-007,Masters,Pages,Delete page linked with role permission,Negative,Page mapped in role,Attempt to delete,Use valid existing master data; include one invalid/duplicate sample for negative case,System blocks delete or warns user,P1,,Not Executed,
M-PAG-008,Masters,Pages,Invalid page route/name format,Negative,Pages form is visible,Enter unsupported format and save,Use valid existing master data; include one invalid/duplicate sample for negative case,Validation message shown,P2,,Not Executed,
M-ROL-001,Masters,Roles,Open Roles page,Positive,Admin user is logged in,Go to Masters > Roles,Use valid existing master data; include one invalid/duplicate sample for negative case,Roles page loads successfully,P0,,Not Executed,
M-ROL-002,Masters,Roles,Create role with permissions,Positive,Pages/modules data exists,Enter role and choose permissions then save,Use valid existing master data; include one invalid/duplicate sample for negative case,Role saved successfully,P0,,Not Executed,
M-ROL-003,Masters,Roles,Edit role permissions,Positive,Role exists,Modify permissions and save,Use valid existing master data; include one invalid/duplicate sample for negative case,Permission changes are saved,P0,,Not Executed,
M-ROL-004,Masters,Roles,Role menu visibility check after relogin,Positive,Role configured for restricted pages,Login using that role user,Use valid existing master data; include one invalid/duplicate sample for negative case,Only allowed menus/pages are visible,P0,,Not Executed,
M-ROL-005,Masters,Roles,Create role without role name,Negative,Role form is visible,Leave role name empty and save,Use valid existing master data; include one invalid/duplicate sample for negative case,Validation shown and save blocked,P0,,Not Executed,
M-ROL-006,Masters,Roles,Create role without any permission,Negative,Role form is visible,Do not select permissions and save,Use valid existing master data; include one invalid/duplicate sample for negative case,System warns or blocks save,P1,,Not Executed,
M-ROL-007,Masters,Roles,Duplicate role name,Negative,Role already exists,Create same role again,Use valid existing master data; include one invalid/duplicate sample for negative case,Duplicate rejected or warned,P1,,Not Executed,
M-ROL-008,Masters,Roles,Delete role assigned to users,Negative,Role assigned to active user,Attempt delete,Use valid existing master data; include one invalid/duplicate sample for negative case,Delete blocked with dependency message,P1,,Not Executed,
M-STF-001,Masters,Staff,Open Staff page,Positive,Admin user is logged in,Go to Masters > Staff,"Name: Ravi Kumar, Email: ravi.k@school.com, Phone: 9876501234",Staff page loads successfully,P0,,Not Executed,
M-STF-002,Masters,Staff,Create staff with valid data,Positive,Staff form is visible,Enter mandatory data and save,"Name: Ravi Kumar, Email: ravi.k@school.com, Phone: 9876501234",Staff record is created successfully,P0,,Not Executed,
M-STF-003,Masters,Staff,Edit staff details,Positive,Staff record exists,Change details and save,"Name: Ravi Kumar, Email: ravi.k@school.com, Phone: 9876501234",Staff record updated successfully,P0,,Not Executed,
M-STF-004,Masters,Staff,Search staff record,Positive,Multiple staff records exist,Search by name or ID,"Name: Ravi Kumar, Email: ravi.k@school.com, Phone: 9876501234",Matching staff displayed,P1,,Not Executed,
M-STF-005,Masters,Staff,Save staff with empty mandatory fields,Negative,Staff form is visible,Leave mandatory fields empty and save,"Name: Ravi Kumar, Email: ravi.k@school.com, Phone: 9876501234",Validation shown,P0,,Not Executed,
M-STF-006,Masters,Staff,Invalid email or phone in staff form,Negative,Staff form is visible,Enter invalid contact details and save,"Name: Ravi Kumar, Email: ravi.k@school.com, Phone: 9876501234",Validation shown for invalid format,P0,,Not Executed,
M-STF-007,Masters,Staff,Duplicate staff code or email,Negative,Existing staff already has code/email,Try creating duplicate,"Name: Ravi Kumar, Email: ravi.k@school.com, Phone: 9876501234",Duplicate is rejected or warned,P1,,Not Executed,
M-STF-008,Masters,Staff,Delete active staff linked with mappings,Negative,Staff is linked in subject/class mapping,Try deleting linked staff,"Name: Ravi Kumar, Email: ravi.k@school.com, Phone: 9876501234",System blocks delete with message,P1,,Not Executed,
A-ADM-001,Academic,Admission,Open Admission page,Positive,Admin user is logged in,Go to Academic > Admission,"Student: Aarav, Adm No: ADM1001, DOB: 10-05-2014",Admission page loads successfully,P0,,Not Executed,
A-ADM-002,Academic,Admission,Create admission with valid student data,Positive,Admission form is visible,Enter valid student admission details and save,"Student: Aarav, Adm No: ADM1001, DOB: 10-05-2014",Admission record saved successfully,P0,,Not Executed,
A-ADM-003,Academic,Admission,Edit admitted student record,Positive,Admission record exists,Update details and save,"Student: Aarav, Adm No: ADM1001, DOB: 10-05-2014",Record updated successfully,P1,,Not Executed,
A-ADM-004,Academic,Admission,View admission record in list,Positive,Admission records exist,Open admission list,"Student: Aarav, Adm No: ADM1001, DOB: 10-05-2014",Record appears in list,P1,,Not Executed,
A-ADM-005,Academic,Admission,Save admission with mandatory fields blank,Negative,Admission form is visible,Leave required fields empty and save,"Student: Aarav, Adm No: ADM1001, DOB: 10-05-2014",Validation shown and save blocked,P0,,Not Executed,
A-ADM-006,Academic,Admission,Duplicate admission number,Negative,Admission number exists,Create another student with same admission number,"Student: Aarav, Adm No: ADM1001, DOB: 10-05-2014",Duplicate rejected or warned,P0,,Not Executed,
A-ADM-007,Academic,Admission,Invalid DOB or date input,Negative,Admission form is visible,Enter invalid date and save,"Student: Aarav, Adm No: ADM1001, DOB: 10-05-2014",Validation shown for invalid date,P1,,Not Executed,
A-ADM-008,Academic,Admission,Cancel unsaved admission,Negative,Unsaved details entered,Navigate away without save,"Student: Aarav, Adm No: ADM1001, DOB: 10-05-2014",No new admission is saved,P2,,Not Executed,
A-ACT-001,Academic,Allot Class Teacher,Open Allot Class Teacher page,Positive,Admin user is logged in,Go to Academic > Allot Class Teacher,"Class/Division: Grade 5 A, Teacher: STF003",Page loads successfully,P0,,Not Executed,
A-ACT-002,Academic,Allot Class Teacher,Assign class teacher with valid data,Positive,Class division and staff exist,Select class division and teacher then save,"Class/Division: Grade 5 A, Teacher: STF003",Assignment saved successfully,P0,,Not Executed,
A-ACT-003,Academic,Allot Class Teacher,Edit class teacher assignment,Positive,Assignment exists,Change teacher and save,"Class/Division: Grade 5 A, Teacher: STF003",Assignment updated successfully,P1,,Not Executed,
A-ACT-004,Academic,Allot Class Teacher,View assignment list,Positive,Assignments exist,Open list page,"Class/Division: Grade 5 A, Teacher: STF003",Assignments are displayed correctly,P1,,Not Executed,
A-ACT-005,Academic,Allot Class Teacher,Save without class/division selection,Negative,Form is visible,Keep class/division empty and save,"Class/Division: Grade 5 A, Teacher: STF003",Validation shown,P0,,Not Executed,
A-ACT-006,Academic,Allot Class Teacher,Save without teacher selection,Negative,Form is visible,Do not choose teacher and save,"Class/Division: Grade 5 A, Teacher: STF003",Validation shown,P0,,Not Executed,
A-ACT-007,Academic,Allot Class Teacher,Duplicate active assignment,Negative,Assignment already exists,Try same class/division and teacher mapping,"Class/Division: Grade 5 A, Teacher: STF003",Duplicate rejected or warned,P1,,Not Executed,
A-ACT-008,Academic,Allot Class Teacher,Delete assignment,Negative,Assignment exists,Delete and confirm,"Class/Division: Grade 5 A, Teacher: STF003",Assignment removed after confirmation,P1,,Not Executed,
A-CTR-001,Academic,Class Transition,Open Class Transition page,Positive,Admin user is logged in,Go to Academic > Class Transition,"Source: Grade 5 A, Target: Grade 6 A, Academic Year: 2026-27",Class Transition page loads successfully,P0,,Not Executed,
A-CTR-002,Academic,Class Transition,Promote students with valid source/target,Positive,Eligible students are present,Select source class target class and run transition,"Source: Grade 5 A, Target: Grade 6 A, Academic Year: 2026-27",Transition completes successfully,P0,,Not Executed,
A-CTR-003,Academic,Class Transition,View transitioned student list,Positive,Transition already completed,Open result/list view,"Source: Grade 5 A, Target: Grade 6 A, Academic Year: 2026-27",Transitioned students are visible,P1,,Not Executed,
A-CTR-004,Academic,Class Transition,Rollback or correction update if supported,Positive,Transition exists and correction option available,Modify transition entry and save,"Source: Grade 5 A, Target: Grade 6 A, Academic Year: 2026-27",Correction reflects correctly,P2,,Not Executed,
A-CTR-005,Academic,Class Transition,Run transition without source class,Negative,Transition form is visible,Do not select source class and submit,"Source: Grade 5 A, Target: Grade 6 A, Academic Year: 2026-27",Validation shown and submit blocked,P0,,Not Executed,
A-CTR-006,Academic,Class Transition,Run transition without target class,Negative,Transition form is visible,Do not select target class and submit,"Source: Grade 5 A, Target: Grade 6 A, Academic Year: 2026-27",Validation shown and submit blocked,P0,,Not Executed,
A-CTR-007,Academic,Class Transition,Source and target class same,Negative,Transition form is visible,Select same class as source and target and submit,"Source: Grade 5 A, Target: Grade 6 A, Academic Year: 2026-27",System blocks invalid transition,P1,,Not Executed,
A-CTR-008,Academic,Class Transition,Transition same students twice,Negative,Students already transitioned,Run same transition again,"Source: Grade 5 A, Target: Grade 6 A, Academic Year: 2026-27",System prevents duplicate transition,P1,,Not Executed,
A-TRN-001,Academic,Transfer Student,Open Transfer Student page,Positive,Admin user is logged in,Go to Academic > Transfer Student,"Student: ADM1001, From: Grade 6 A, To: Grade 6 B, Reason: Parent request",Transfer Student page loads successfully,P0,,Not Executed,
A-TRN-002,Academic,Transfer Student,Transfer student with valid details,Positive,Student exists in source class,Select student and transfer details then save,"Student: ADM1001, From: Grade 6 A, To: Grade 6 B, Reason: Parent request",Student transfer is completed successfully,P0,,Not Executed,
A-TRN-003,Academic,Transfer Student,Edit transfer details,Positive,Transfer record exists,Modify transfer reason or destination and save,"Student: ADM1001, From: Grade 6 A, To: Grade 6 B, Reason: Parent request",Transfer details updated,P1,,Not Executed,
A-TRN-004,Academic,Transfer Student,View transfer record list,Positive,Transfer records exist,Open transfer list,"Student: ADM1001, From: Grade 6 A, To: Grade 6 B, Reason: Parent request",Transfer records displayed correctly,P1,,Not Executed,
A-TRN-005,Academic,Transfer Student,Transfer without selecting student,Negative,Transfer form is visible,Leave student unselected and save,"Student: ADM1001, From: Grade 6 A, To: Grade 6 B, Reason: Parent request",Validation shown and save blocked,P0,,Not Executed,
A-TRN-006,Academic,Transfer Student,Transfer without destination details,Negative,Transfer form is visible,Do not select destination and save,"Student: ADM1001, From: Grade 6 A, To: Grade 6 B, Reason: Parent request",Validation shown,P0,,Not Executed,
A-TRN-007,Academic,Transfer Student,Transfer same student repeatedly without reset,Negative,Student already transferred,Try transfer again immediately,"Student: ADM1001, From: Grade 6 A, To: Grade 6 B, Reason: Parent request",System prevents duplicate transfer,P1,,Not Executed,
A-TRN-008,Academic,Transfer Student,Delete transfer record,Negative,Transfer record exists,Delete and confirm,"Student: ADM1001, From: Grade 6 A, To: Grade 6 B, Reason: Parent request",Record deleted only after confirmation,P1,,Not Executed,
ROLE-001,Role Based Access,Login,Superadmin login success,Positive,Superadmin account is active,Login with superadmin credentials,superadmin@erp.com / Admin@123,User lands in Admin workspace with full module access,P0,,Not Executed,
ROLE-002,Role Based Access,Login,School user login success,Positive,School user account is active,Login with school user credentials,admin@abcschool.com / School@123,User lands in school dashboard URL,P0,,Not Executed,
ROLE-003,Role Based Access,Login,Invalid role login blocked,Negative,Invalid role user exists or tampered response,Try login with unauthorized role,unauth@school.com / Test@123,System blocks navigation and shows error,P0,,Not Executed,
ROLE-004,Role Based Access,Menu Visibility,Superadmin sees all modules,Positive,Superadmin logged in,Open side menu,Role: Superadmin,Masters Academic Transportation Finance Timetable Exam Attendance are visible,P0,,Not Executed,
ROLE-005,Role Based Access,Menu Visibility,Restricted role sees only allowed modules,Positive,Restricted role configured,Login as restricted role and open side menu,Role: Clerk with limited permissions,Only permitted modules/submenus are visible,P0,,Not Executed,
ROLE-006,Role Based Access,Menu Visibility,Restricted role cannot open hidden URL directly,Negative,Restricted role logged in,Manually open restricted page URL,Try /Admin/Role or other restricted routes,Access denied or redirected safely,P0,,Not Executed,
ROLE-007,Role Based Access,Permissions,View only permission works,Positive,Role has canView only,Open assigned module and try actions,Role with view-only permission,List page opens but Add/Edit/Delete are unavailable or blocked,P1,,Not Executed,
ROLE-008,Role Based Access,Permissions,Add permission missing blocks create,Negative,Role has no Add permission,Try to create a new record,Role without add permission,Create action is hidden or blocked with message,P1,,Not Executed,
ROLE-009,Role Based Access,Permissions,Edit permission missing blocks update,Negative,Role has no Edit permission,Try to edit existing record,Role without edit permission,Edit action is hidden or blocked,P1,,Not Executed,
ROLE-010,Role Based Access,Permissions,Delete permission missing blocks delete,Negative,Role has no Delete permission,Try to delete existing record,Role without delete permission,Delete action is hidden or blocked,P1,,Not Executed,
ROLE-011,Role Based Access,Session,Role change applies after re-login,Positive,Admin updates role permissions,Logout then login again,Same user before and after role update,Latest module visibility/permissions are applied,P1,,Not Executed,
ROLE-012,Role Based Access,Session,Cross-school data isolation,Negative,Two school users exist,Login as School A then try to access School B context,School A user credentials,School A user cannot access School B data/modules,P0,,Not Executed,
