Test Case ID,Module,Submodule,Scenario,Type,Precondition,Input Fields,Steps,Test Data (This Case Only),Expected Result,Priority,Actual Result,Status,Remarks
LOGIN-001,Login & Access,Sign In,Login page opens successfully,Positive,Application URL is available,"username/email, password, captcha",Open application URL,username=admin@school.com; password=Pass@123; captcha=as displayed,Login page is displayed with Email Password Captcha and Sign In button,P0,,Not Executed,
LOGIN-002,Login & Access,Sign In,Required validation for empty form,Negative,User is on login page,"username/email, password, captcha",Click Sign In without entering details,username=wrong@school.com; password=Wrong123; captcha=as displayed,Required validation messages are shown and login is blocked,P0,,Not Executed,
LOGIN-003,Login & Access,Sign In,Email field accepts valid format,Positive,User is on login page,"username/email, password, captcha",Enter valid email and move cursor out,username=admin@school.com; password=Pass@123; captcha=as displayed,No validation error is shown for email format,P1,,Not Executed,
LOGIN-004,Login & Access,Sign In,Invalid email format check,Negative,User is on login page,"username/email, password, captcha",Enter invalid email like abc and click Sign In,username=wrong@school.com; password=Wrong123; captcha=as displayed,System shows invalid email validation or blocks submit,P0,,Not Executed,
LOGIN-005,Login & Access,Sign In,Password visibility toggle works,Positive,User is on login page,"username/email, password, captcha",Enter password then click eye icon,username=admin@school.com; password=Pass@123; captcha=as displayed,Password is shown and hidden correctly,P2,,Not Executed,
LOGIN-006,Login & Access,Captcha,Captcha refresh generates new captcha,Positive,User is on login page,"username/email, password, captcha",Click captcha refresh icon,username=admin@school.com; password=Pass@123; captcha=as displayed,Captcha image/text changes,P1,,Not Executed,
LOGIN-007,Login & Access,Sign In,Invalid credentials are rejected,Negative,Test invalid user exists,"username/email, password, captcha",Enter wrong email/password then click Sign In,username=wrong@school.com; password=Wrong123; captcha=as displayed,Login fails and user stays on login page,P0,,Not Executed,
LOGIN-008,Login & Access,Sign In,Valid admin login,Positive,Valid admin credentials are available,"username/email, password, captcha",Enter valid admin credentials and click Sign In,username=admin@school.com; password=Pass@123; captcha=as displayed,User is redirected to Admin dashboard,P0,,Not Executed,
LOGIN-009,Login & Access,Session,Protected URL without login,Negative,User is logged out,"username/email, password, captcha",Open protected Admin URL directly,username=wrong@school.com; password=Wrong123; captcha=as displayed,User is redirected to sign in page,P0,,Not Executed,
LOGIN-010,Login & Access,Session,Logout clears active session,Positive,User is logged in,"username/email, password, captcha",Click logout and try browser back,username=admin@school.com; password=Pass@123; captcha=as displayed,User cannot access protected page without login,P0,,Not Executed,
LOGIN-011,Login & Access,Sign In,Login with blank password,Negative,User is on login page,"username/email, password, captcha",Enter only email and click Sign In,username=wrong@school.com; password=Wrong123; captcha=as displayed,Validation shown and login blocked,P0,,Not Executed,
LOGIN-012,Login & Access,Sign In,Login with blank email,Negative,User is on login page,"username/email, password, captcha",Enter only password and click Sign In,username=wrong@school.com; password=Wrong123; captcha=as displayed,Validation shown and login blocked,P0,,Not Executed,
NAV-001,Dashboard Navigation,Dashboard,Dashboard opens after login,Positive,User logged in as admin,"username/email, password, captcha",Login with valid admin account,username=admin@school.com; password=Pass@123; captcha=as displayed,Dashboard page opens by default,P0,,Not Executed,
NAV-002,Dashboard Navigation,Side Menu,Masters menu expand and collapse,Positive,User on dashboard,fields as shown in the form,Click Masters then click again,use valid values visible in current form,Submenu opens then collapses,P1,,Not Executed,
NAV-003,Dashboard Navigation,Side Menu,Academic menu expand and collapse,Positive,User on dashboard,fields as shown in the form,Click Academic then click again,use valid values visible in current form,Submenu opens then collapses,P1,,Not Executed,
NAV-004,Dashboard Navigation,Side Menu,Open page from Masters submenu,Positive,Masters menu is expanded,fields as shown in the form,Click any submenu like Class,use valid values visible in current form,Correct page opens and menu item is active,P0,,Not Executed,
NAV-005,Dashboard Navigation,Side Menu,Open page from Academic submenu,Positive,Academic menu is expanded,fields as shown in the form,Click Admission,use valid values visible in current form,Admission page opens correctly,P0,,Not Executed,
NAV-006,Dashboard Navigation,Side Menu,Sidebar collapse and expand on desktop,Positive,User on desktop view,fields as shown in the form,Use sidebar toggle to collapse and expand,use valid values visible in current form,Sidebar view updates without layout break,P2,,Not Executed,
NAV-007,Dashboard Navigation,Routing,URL changes with selected submenu,Positive,User navigates through side menu,fields as shown in the form,Open Class then open Staff,use valid values visible in current form,URL and page content match selected menu,P1,,Not Executed,
NAV-008,Dashboard Navigation,Routing,Direct invalid submenu URL,Negative,User logged in,fields as shown in the form,Enter invalid Admin child URL manually,use one invalid/blank/duplicate value for required fields,System does not load wrong page and handles route safely,P1,,Not Executed,
NAV-009,Dashboard Navigation,Mobile Navigation,Mobile bottom nav opens target area,Positive,Mobile viewport is enabled,fields as shown in the form,Tap Masters or Academics from mobile bottom nav,use valid values visible in current form,Related section opens in mobile menu,P2,,Not Executed,
NAV-010,Dashboard Navigation,Mobile Navigation,Mobile menu closes after navigation,Positive,Mobile menu is open,fields as shown in the form,Select any submenu page,use valid values visible in current form,Selected page opens and menu closes,P2,,Not Executed,
M-SD-001,Masters,School Details,Open School Details page,Positive,Admin user is logged in,"school name, address, email, phone, contact person",Go to Masters > School Details,school name=Sunrise School; email=info@sunrise.edu; phone=9876543210,School Details page loads successfully,P0,,Not Executed,
M-SD-002,Masters,School Details,Create school details with valid data,Positive,School Details form is visible,"school name, address, email, phone, contact person",Enter all mandatory fields and save,school name=Sunrise School; email=info@sunrise.edu; phone=9876543210,Record is saved successfully,P0,,Not Executed,
M-SD-003,Masters,School Details,Edit school details,Positive,Existing school details present,"school name, address, email, phone, contact person",Update one field and save,school name=Sunrise School; email=info@sunrise.edu; phone=9876543210,Updated details are saved and displayed,P0,,Not Executed,
M-SD-004,Masters,School Details,View saved school details,Positive,Record exists,"school name, address, email, phone, contact person",Refresh page and view details,school name=Sunrise School; email=info@sunrise.edu; phone=9876543210,Saved data persists and displays correctly,P1,,Not Executed,
M-SD-005,Masters,School Details,Save with missing mandatory fields,Negative,School Details form is visible,"school name, address, email, phone, contact person",Leave required fields empty and save,school name=(blank); email=invalid; phone=123,Validation message shown and save blocked,P0,,Not Executed,
M-SD-006,Masters,School Details,Invalid email format in contact details,Negative,School Details form is visible,"school name, address, email, phone, contact person",Enter invalid email and save,school name=(blank); email=invalid; phone=123,Validation shown for invalid email,P1,,Not Executed,
M-SD-007,Masters,School Details,Invalid phone number format,Negative,School Details form is visible,"school name, address, email, phone, contact person",Enter invalid phone and save,school name=(blank); email=invalid; phone=123,Validation shown for phone format,P1,,Not Executed,
M-SD-008,Masters,School Details,Cancel without saving,Negative,Unsaved changes made,"school name, address, email, phone, contact person",Click cancel or navigate away,school name=(blank); email=invalid; phone=123,Unsaved data is not committed,P2,,Not Executed,
M-AY-001,Masters,Academic Year,Open Academic Year page,Positive,Admin user is logged in,"academic year name, start date, end date, status",Go to Masters > Academic Year,year=AY 2026-27; start=01-06-2026; end=31-03-2027,Academic Year page loads successfully,P0,,Not Executed,
M-AY-002,Masters,Academic Year,Create academic year with valid dates,Positive,Academic Year form is visible,"academic year name, start date, end date, status",Enter valid year start and end date and save,year=AY 2026-27; start=01-06-2026; end=31-03-2027,Academic year is saved,P0,,Not Executed,
M-AY-003,Masters,Academic Year,Edit academic year,Positive,Academic year exists,"academic year name, start date, end date, status",Modify year name or dates and save,year=AY 2026-27; start=01-06-2026; end=31-03-2027,Changes are updated successfully,P0,,Not Executed,
M-AY-004,Masters,Academic Year,View academic year list,Positive,Records exist,"academic year name, start date, end date, status",Open list and verify new record,year=AY 2026-27; start=01-06-2026; end=31-03-2027,Record appears in list,P1,,Not Executed,
M-AY-005,Masters,Academic Year,End date earlier than start date,Negative,Academic Year form is visible,"academic year name, start date, end date, status",Enter end date before start date and save,year=AY 2026-27; start=31-03-2027; end=01-06-2026,Validation shown and save blocked,P0,,Not Executed,
M-AY-006,Masters,Academic Year,Duplicate academic year entry,Negative,One year already exists,"academic year name, start date, end date, status",Create same year again and save,year=AY 2026-27; start=31-03-2027; end=01-06-2026,Duplicate is rejected or warned,P1,,Not Executed,
M-AY-007,Masters,Academic Year,Missing mandatory fields,Negative,Academic Year form is visible,"academic year name, start date, end date, status",Leave required fields empty and save,year=AY 2026-27; start=31-03-2027; end=01-06-2026,Validation message shown,P0,,Not Executed,
M-AY-008,Masters,Academic Year,Delete academic year,Negative,Record selected for delete,"academic year name, start date, end date, status",Click delete and confirm,year=AY 2026-27; start=31-03-2027; end=01-06-2026,Record deleted only after confirmation,P1,,Not Executed,
M-SYL-001,Masters,Syllabus,Open Syllabus page,Positive,Admin user is logged in,"class, subject, chapter/topic, academic year",Go to Masters > Syllabus,class=Grade 6; subject=Math; topic=Algebra Basics; year=AY 2026-27,Syllabus page loads successfully,P0,,Not Executed,
M-SYL-002,Masters,Syllabus,Create syllabus with valid inputs,Positive,Syllabus form is visible,"class, subject, chapter/topic, academic year",Select class subject and enter syllabus then save,class=Grade 6; subject=Math; topic=Algebra Basics; year=AY 2026-27,Syllabus is saved,P0,,Not Executed,
M-SYL-003,Masters,Syllabus,Edit syllabus record,Positive,Syllabus record exists,"class, subject, chapter/topic, academic year",Update syllabus data and save,class=Grade 6; subject=Math; topic=Algebra Basics; year=AY 2026-27,Record is updated successfully,P1,,Not Executed,
M-SYL-004,Masters,Syllabus,Search syllabus record,Positive,Multiple records exist,"class, subject, chapter/topic, academic year",Use search with valid keyword,class=Grade 6; subject=Math; topic=Algebra Basics; year=AY 2026-27,Matching records are displayed,P2,,Not Executed,
M-SYL-005,Masters,Syllabus,Save without selecting class,Negative,Syllabus form is visible,"class, subject, chapter/topic, academic year",Keep class blank and save,class=(blank); subject=(blank); topic=Algebra Basics,Validation shown for required class,P0,,Not Executed,
M-SYL-006,Masters,Syllabus,Save without selecting subject,Negative,Syllabus form is visible,"class, subject, chapter/topic, academic year",Keep subject blank and save,class=(blank); subject=(blank); topic=Algebra Basics,Validation shown for required subject,P0,,Not Executed,
M-SYL-007,Masters,Syllabus,Duplicate syllabus for same class and subject,Negative,Same mapping already exists,"class, subject, chapter/topic, academic year",Create same mapping and save,class=(blank); subject=(blank); topic=Algebra Basics,Duplicate is rejected or warned,P1,,Not Executed,
M-SYL-008,Masters,Syllabus,Delete syllabus record,Negative,Record exists,"class, subject, chapter/topic, academic year",Delete and confirm,class=(blank); subject=(blank); topic=Algebra Basics,Record is removed after confirmation,P1,,Not Executed,
M-CLS-001,Masters,Class,Open Class page,Positive,Admin user is logged in,"class name/code, display order, status",Go to Masters > Class,class name=Grade 1; class code=G1; status=Active,Class page loads successfully,P0,,Not Executed,
M-CLS-002,Masters,Class,Create class with valid data,Positive,Class form is visible,"class name/code, display order, status",Enter class name and save,class name=Grade 1; class code=G1; status=Active,Class is created successfully,P0,,Not Executed,
M-CLS-003,Masters,Class,Edit class details,Positive,Class record exists,"class name/code, display order, status",Change class detail and save,class name=Grade 1; class code=G1; status=Active,Class update is successful,P0,,Not Executed,
M-CLS-004,Masters,Class,View class in listing,Positive,Class record exists,"class name/code, display order, status",Open class list,class name=Grade 1; class code=G1; status=Active,Created class appears in list,P1,,Not Executed,
M-CLS-005,Masters,Class,Save class with empty mandatory fields,Negative,Class form is visible,"class name/code, display order, status",Leave required fields empty and save,class name=Grade 1 (duplicate); class code=G1,Validation appears and save blocked,P0,,Not Executed,
M-CLS-006,Masters,Class,Duplicate class creation,Negative,Class already exists,"class name/code, display order, status",Create same class again and save,class name=Grade 1 (duplicate); class code=G1,Duplicate class is rejected or warned,P1,,Not Executed,
M-CLS-007,Masters,Class,Delete class in use,Negative,Class mapped to data,"class name/code, display order, status",Attempt delete mapped class,class name=Grade 1 (duplicate); class code=G1,System blocks delete with message,P1,,Not Executed,
M-CLS-008,Masters,Class,Cancel class creation,Negative,Form has unsaved data,"class name/code, display order, status",Click cancel or clear,class name=Grade 1 (duplicate); class code=G1,No new class is saved,P2,,Not Executed,
M-DIV-001,Masters,Division,Open Division page,Positive,Admin user is logged in,"class, division name, status",Go to Masters > Division,class=Grade 1; division=A; status=Active,Division page loads successfully,P0,,Not Executed,
M-DIV-002,Masters,Division,Create division with valid class mapping,Positive,Division form is visible,"class, division name, status",Select class enter division and save,class=Grade 1; division=A; status=Active,Division is created successfully,P0,,Not Executed,
M-DIV-003,Masters,Division,Edit division details,Positive,Division record exists,"class, division name, status",Update details and save,class=Grade 1; division=A; status=Active,Record updates successfully,P1,,Not Executed,
M-DIV-004,Masters,Division,View division in list,Positive,Record exists,"class, division name, status",Open division list,class=Grade 1; division=A; status=Active,New division appears in list,P1,,Not Executed,
M-DIV-005,Masters,Division,Division without class mapping,Negative,Division form is visible,"class, division name, status",Do not select class and save,class=(blank); division=A,Validation shown and save blocked,P0,,Not Executed,
M-DIV-006,Masters,Division,Duplicate division under same class,Negative,Division already exists under class,"class, division name, status",Try creating same division,class=(blank); division=A,Duplicate is rejected or warned,P1,,Not Executed,
M-DIV-007,Masters,Division,Delete mapped division,Negative,Division is linked with students,"class, division name, status",Try deleting linked division,class=(blank); division=A,System prevents delete with message,P1,,Not Executed,
M-DIV-008,Masters,Division,Invalid characters in division name,Negative,Division form is visible,"class, division name, status",Enter invalid special characters and save,class=(blank); division=A,Validation shown for invalid input,P2,,Not Executed,
M-SUB-001,Masters,Subject,Open Subject page,Positive,Admin user is logged in,"subject name/code, class(optional), status",Go to Masters > Subject,subject name=Mathematics; subject code=MATH01; status=Active,Subject page loads successfully,P0,,Not Executed,
M-SUB-002,Masters,Subject,Create subject with valid input,Positive,Subject form is visible,"subject name/code, class(optional), status",Enter subject name and save,subject name=Mathematics; subject code=MATH01; status=Active,Subject is saved successfully,P0,,Not Executed,
M-SUB-003,Masters,Subject,Edit subject,Positive,Subject exists,"subject name/code, class(optional), status",Update subject and save,subject name=Mathematics; subject code=MATH01; status=Active,Subject updated successfully,P1,,Not Executed,
M-SUB-004,Masters,Subject,Search subject,Positive,Multiple subjects exist,"subject name/code, class(optional), status",Search by subject name,subject name=Mathematics; subject code=MATH01; status=Active,Relevant results are shown,P2,,Not Executed,
M-SUB-005,Masters,Subject,Save subject with empty mandatory fields,Negative,Subject form is visible,"subject name/code, class(optional), status",Leave required data empty and save,subject name=Mathematics (duplicate); subject code=MATH01,Validation shown,P0,,Not Executed,
M-SUB-006,Masters,Subject,Duplicate subject creation,Negative,Subject already exists,"subject name/code, class(optional), status",Create same subject and save,subject name=Mathematics (duplicate); subject code=MATH01,Duplicate rejected or warned,P1,,Not Executed,
M-SUB-007,Masters,Subject,Delete subject in active mapping,Negative,Subject mapped with class/staff,"subject name/code, class(optional), status",Attempt delete,subject name=Mathematics (duplicate); subject code=MATH01,Delete blocked with proper message,P1,,Not Executed,
M-SUB-008,Masters,Subject,Invalid subject length/format,Negative,Subject form is visible,"subject name/code, class(optional), status",Enter invalid too long or bad format text,subject name=Mathematics (duplicate); subject code=MATH01,Validation displayed,P2,,Not Executed,
M-SS-001,Masters,Subject Staff,Open Subject Staff page,Positive,Admin user is logged in,"class, division, subject, staff, status",Go to Masters > Subject Staff,class=Grade 6; division=A; subject=Math; staff=STF003,Subject Staff page loads successfully,P0,,Not Executed,
M-SS-002,Masters,Subject Staff,Assign subject to staff,Positive,Staff and subject data exist,"class, division, subject, staff, status",Select class subject and staff then save,class=Grade 6; division=A; subject=Math; staff=STF003,Mapping saved successfully,P0,,Not Executed,
M-SS-003,Masters,Subject Staff,Edit assignment,Positive,Mapping exists,"class, division, subject, staff, status",Change assigned staff and save,class=Grade 6; division=A; subject=Math; staff=STF003,Assignment updated successfully,P1,,Not Executed,
M-SS-004,Masters,Subject Staff,View assignment list,Positive,Mappings exist,"class, division, subject, staff, status",Open list view,class=Grade 6; division=A; subject=Math; staff=STF003,Saved mappings appear correctly,P1,,Not Executed,
M-SS-005,Masters,Subject Staff,Save without selecting staff,Negative,Form is visible,"class, division, subject, staff, status",Keep staff blank and save,class=Grade 6; division=A; subject=(blank); staff=(blank),Validation shown and save blocked,P0,,Not Executed,
M-SS-006,Masters,Subject Staff,Save without selecting subject,Negative,Form is visible,"class, division, subject, staff, status",Keep subject blank and save,class=Grade 6; division=A; subject=(blank); staff=(blank),Validation shown and save blocked,P0,,Not Executed,
M-SS-007,Masters,Subject Staff,Duplicate assignment creation,Negative,Same mapping already exists,"class, division, subject, staff, status",Create same mapping again,class=Grade 6; division=A; subject=(blank); staff=(blank),Duplicate rejected or warned,P1,,Not Executed,
M-SS-008,Masters,Subject Staff,Delete assignment,Negative,Assignment exists,"class, division, subject, staff, status",Delete and confirm,class=Grade 6; division=A; subject=(blank); staff=(blank),Mapping removed after confirmation,P1,,Not Executed,
M-MOD-001,Masters,Modules,Open Modules page,Positive,Admin user is logged in,"module name, module code, icon/order/status",Go to Masters > Modules,module name=Library; module code=LIB; status=Active,Modules page loads successfully,P0,,Not Executed,
M-MOD-002,Masters,Modules,Create new module,Positive,Modules form is visible,"module name, module code, icon/order/status",Enter valid module details and save,module name=Library; module code=LIB; status=Active,Module is created successfully,P0,,Not Executed,
M-MOD-003,Masters,Modules,Edit module details,Positive,Module exists,"module name, module code, icon/order/status",Modify details and save,module name=Library; module code=LIB; status=Active,Module is updated,P1,,Not Executed,
M-MOD-004,Masters,Modules,View module in list,Positive,Module exists,"module name, module code, icon/order/status",Open module listing,module name=Library; module code=LIB; status=Active,Module appears in list,P1,,Not Executed,
M-MOD-005,Masters,Modules,Save module with empty mandatory fields,Negative,Modules form is visible,"module name, module code, icon/order/status",Leave mandatory fields blank and save,module name=Library (duplicate); module code=LIB,Validation shown,P0,,Not Executed,
M-MOD-006,Masters,Modules,Duplicate module name,Negative,Module name already exists,"module name, module code, icon/order/status",Create same module name again,module name=Library (duplicate); module code=LIB,Duplicate rejected or warned,P1,,Not Executed,
M-MOD-007,Masters,Modules,Delete module linked with pages,Negative,Module has page mapping,"module name, module code, icon/order/status",Attempt delete linked module,module name=Library (duplicate); module code=LIB,Delete blocked with message,P1,,Not Executed,
M-MOD-008,Masters,Modules,Invalid module name format,Negative,Modules form is visible,"module name, module code, icon/order/status",Enter invalid special characters and save,module name=Library (duplicate); module code=LIB,Validation displayed,P2,,Not Executed,
M-PAG-001,Masters,Pages,Open Pages page,Positive,Admin user is logged in,"module, page name, route, permissions flags",Go to Masters > Pages,module=Masters; page name=House; route=/Admin/House,Pages page loads successfully,P0,,Not Executed,
M-PAG-002,Masters,Pages,Create new page under module,Positive,Module exists,"module, page name, route, permissions flags",Select module enter page name and save,module=Masters; page name=House; route=/Admin/House,Page is created successfully,P0,,Not Executed,
M-PAG-003,Masters,Pages,Edit page details,Positive,Page exists,"module, page name, route, permissions flags",Update page details and save,module=Masters; page name=House; route=/Admin/House,Page is updated,P1,,Not Executed,
M-PAG-004,Masters,Pages,View pages list,Positive,Pages exist,"module, page name, route, permissions flags",Open list,module=Masters; page name=House; route=/Admin/House,Pages are displayed correctly,P1,,Not Executed,
M-PAG-005,Masters,Pages,Save page without module selection,Negative,Pages form is visible,"module, page name, route, permissions flags",Keep module empty and save,module=(blank); page name=House,Validation shown and save blocked,P0,,Not Executed,
M-PAG-006,Masters,Pages,Duplicate page in same module,Negative,Same page already exists,"module, page name, route, permissions flags",Create same page and save,module=(blank); page name=House,Duplicate rejected or warned,P1,,Not Executed,
M-PAG-007,Masters,Pages,Delete page linked with role permission,Negative,Page mapped in role,"module, page name, route, permissions flags",Attempt to delete,module=(blank); page name=House,System blocks delete or warns user,P1,,Not Executed,
M-PAG-008,Masters,Pages,Invalid page route/name format,Negative,Pages form is visible,"module, page name, route, permissions flags",Enter unsupported format and save,module=(blank); page name=House,Validation message shown,P2,,Not Executed,
M-ROL-001,Masters,Roles,Open Roles page,Positive,Admin user is logged in,"role name, module/page permissions, user account",Go to Masters > Roles,role name=Admission Clerk; permissions=View/Add Admission,Roles page loads successfully,P0,,Not Executed,
M-ROL-002,Masters,Roles,Create role with permissions,Positive,Pages/modules data exists,"role name, module/page permissions, user account",Enter role and choose permissions then save,role name=Admission Clerk; permissions=View/Add Admission,Role saved successfully,P0,,Not Executed,
M-ROL-003,Masters,Roles,Edit role permissions,Positive,Role exists,"role name, module/page permissions, user account",Modify permissions and save,role name=Admission Clerk; permissions=View/Add Admission,Permission changes are saved,P0,,Not Executed,
M-ROL-004,Masters,Roles,Role menu visibility check after relogin,Positive,Role configured for restricted pages,"username/email, password, captcha",Login using that role user,username=admin@school.com; password=Pass@123; captcha=as displayed,Only allowed menus/pages are visible,P0,,Not Executed,
M-ROL-005,Masters,Roles,Create role without role name,Negative,Role form is visible,"role name, module/page permissions, user account",Leave role name empty and save,role name=(blank); permissions=(none),Validation shown and save blocked,P0,,Not Executed,
M-ROL-006,Masters,Roles,Create role without any permission,Negative,Role form is visible,"role name, module/page permissions, user account",Do not select permissions and save,role name=(blank); permissions=(none),System warns or blocks save,P1,,Not Executed,
M-ROL-007,Masters,Roles,Duplicate role name,Negative,Role already exists,"role name, module/page permissions, user account",Create same role again,role name=(blank); permissions=(none),Duplicate rejected or warned,P1,,Not Executed,
M-ROL-008,Masters,Roles,Delete role assigned to users,Negative,Role assigned to active user,"role name, module/page permissions, user account",Attempt delete,role name=(blank); permissions=(none),Delete blocked with dependency message,P1,,Not Executed,
M-STF-001,Masters,Staff,Open Staff page,Positive,Admin user is logged in,"staff name, staff code, email, phone, role/designation",Go to Masters > Staff,name=Ravi Kumar; code=STF101; email=ravi.k@school.com; phone=9876501234,Staff page loads successfully,P0,,Not Executed,
M-STF-002,Masters,Staff,Create staff with valid data,Positive,Staff form is visible,"staff name, staff code, email, phone, role/designation",Enter mandatory data and save,name=Ravi Kumar; code=STF101; email=ravi.k@school.com; phone=9876501234,Staff record is created successfully,P0,,Not Executed,
M-STF-003,Masters,Staff,Edit staff details,Positive,Staff record exists,"staff name, staff code, email, phone, role/designation",Change details and save,name=Ravi Kumar; code=STF101; email=ravi.k@school.com; phone=9876501234,Staff record updated successfully,P0,,Not Executed,
M-STF-004,Masters,Staff,Search staff record,Positive,Multiple staff records exist,"staff name, staff code, email, phone, role/designation",Search by name or ID,name=Ravi Kumar; code=STF101; email=ravi.k@school.com; phone=9876501234,Matching staff displayed,P1,,Not Executed,
M-STF-005,Masters,Staff,Save staff with empty mandatory fields,Negative,Staff form is visible,"staff name, staff code, email, phone, role/designation",Leave mandatory fields empty and save,name=(blank); code=STF101 (duplicate); email=badmail,Validation shown,P0,,Not Executed,
M-STF-006,Masters,Staff,Invalid email or phone in staff form,Negative,Staff form is visible,"staff name, staff code, email, phone, role/designation",Enter invalid contact details and save,name=(blank); code=STF101 (duplicate); email=badmail,Validation shown for invalid format,P0,,Not Executed,
M-STF-007,Masters,Staff,Duplicate staff code or email,Negative,Existing staff already has code/email,"staff name, staff code, email, phone, role/designation",Try creating duplicate,name=(blank); code=STF101 (duplicate); email=badmail,Duplicate is rejected or warned,P1,,Not Executed,
M-STF-008,Masters,Staff,Delete active staff linked with mappings,Negative,Staff is linked in subject/class mapping,"staff name, staff code, email, phone, role/designation",Try deleting linked staff,name=(blank); code=STF101 (duplicate); email=badmail,System blocks delete with message,P1,,Not Executed,
A-ADM-001,Academic,Admission,Open Admission page,Positive,Admin user is logged in,"student name, admission no, DOB, class, guardian details",Go to Academic > Admission,student=Aarav Sharma; admission no=ADM1001; DOB=10-05-2014; class=Grade 5 A,Admission page loads successfully,P0,,Not Executed,
A-ADM-002,Academic,Admission,Create admission with valid student data,Positive,Admission form is visible,"student name, admission no, DOB, class, guardian details",Enter valid student admission details and save,student=Aarav Sharma; admission no=ADM1001; DOB=10-05-2014; class=Grade 5 A,Admission record saved successfully,P0,,Not Executed,
A-ADM-003,Academic,Admission,Edit admitted student record,Positive,Admission record exists,"student name, admission no, DOB, class, guardian details",Update details and save,student=Aarav Sharma; admission no=ADM1001; DOB=10-05-2014; class=Grade 5 A,Record updated successfully,P1,,Not Executed,
A-ADM-004,Academic,Admission,View admission record in list,Positive,Admission records exist,"student name, admission no, DOB, class, guardian details",Open admission list,student=Aarav Sharma; admission no=ADM1001; DOB=10-05-2014; class=Grade 5 A,Record appears in list,P1,,Not Executed,
A-ADM-005,Academic,Admission,Save admission with mandatory fields blank,Negative,Admission form is visible,"student name, admission no, DOB, class, guardian details",Leave required fields empty and save,student=(blank); admission no=ADM1001 (duplicate); DOB=32-13-2014,Validation shown and save blocked,P0,,Not Executed,
A-ADM-006,Academic,Admission,Duplicate admission number,Negative,Admission number exists,"student name, admission no, DOB, class, guardian details",Create another student with same admission number,student=(blank); admission no=ADM1001 (duplicate); DOB=32-13-2014,Duplicate rejected or warned,P0,,Not Executed,
A-ADM-007,Academic,Admission,Invalid DOB or date input,Negative,Admission form is visible,"student name, admission no, DOB, class, guardian details",Enter invalid date and save,student=(blank); admission no=ADM1001 (duplicate); DOB=32-13-2014,Validation shown for invalid date,P1,,Not Executed,
A-ADM-008,Academic,Admission,Cancel unsaved admission,Negative,Unsaved details entered,"student name, admission no, DOB, class, guardian details",Navigate away without save,student=(blank); admission no=ADM1001 (duplicate); DOB=32-13-2014,No new admission is saved,P2,,Not Executed,
A-ACT-001,Academic,Allot Class Teacher,Open Allot Class Teacher page,Positive,Admin user is logged in,"class, division, teacher, academic year",Go to Academic > Allot Class Teacher,class=Grade 5; division=A; teacher=STF003; year=AY 2026-27,Page loads successfully,P0,,Not Executed,
A-ACT-002,Academic,Allot Class Teacher,Assign class teacher with valid data,Positive,Class division and staff exist,"class, division, teacher, academic year",Select class division and teacher then save,class=Grade 5; division=A; teacher=STF003; year=AY 2026-27,Assignment saved successfully,P0,,Not Executed,
A-ACT-003,Academic,Allot Class Teacher,Edit class teacher assignment,Positive,Assignment exists,"class, division, teacher, academic year",Change teacher and save,class=Grade 5; division=A; teacher=STF003; year=AY 2026-27,Assignment updated successfully,P1,,Not Executed,
A-ACT-004,Academic,Allot Class Teacher,View assignment list,Positive,Assignments exist,"class, division, teacher, academic year",Open list page,class=Grade 5; division=A; teacher=STF003; year=AY 2026-27,Assignments are displayed correctly,P1,,Not Executed,
A-ACT-005,Academic,Allot Class Teacher,Save without class/division selection,Negative,Form is visible,"class, division name, status",Keep class/division empty and save,class=(blank); division=A,Validation shown,P0,,Not Executed,
A-ACT-006,Academic,Allot Class Teacher,Save without teacher selection,Negative,Form is visible,"class, division, teacher, academic year",Do not choose teacher and save,class=Grade 5; division=A; teacher=(blank),Validation shown,P0,,Not Executed,
A-ACT-007,Academic,Allot Class Teacher,Duplicate active assignment,Negative,Assignment already exists,"class, division, teacher, academic year",Try same class/division and teacher mapping,class=Grade 5; division=A; teacher=(blank),Duplicate rejected or warned,P1,,Not Executed,
A-ACT-008,Academic,Allot Class Teacher,Delete assignment,Negative,Assignment exists,"class, division, teacher, academic year",Delete and confirm,class=Grade 5; division=A; teacher=(blank),Assignment removed after confirmation,P1,,Not Executed,
A-CTR-001,Academic,Class Transition,Open Class Transition page,Positive,Admin user is logged in,"source class/division, target class/division, academic year, student selection",Go to Academic > Class Transition,source=Grade 5 A; target=Grade 6 A; year=AY 2026-27; students=all selected,Class Transition page loads successfully,P0,,Not Executed,
A-CTR-002,Academic,Class Transition,Promote students with valid source/target,Positive,Eligible students are present,"source class/division, target class/division, academic year, student selection",Select source class target class and run transition,source=Grade 5 A; target=Grade 6 A; year=AY 2026-27; students=all selected,Transition completes successfully,P0,,Not Executed,
A-CTR-003,Academic,Class Transition,View transitioned student list,Positive,Transition already completed,"source class/division, target class/division, academic year, student selection",Open result/list view,source=Grade 5 A; target=Grade 6 A; year=AY 2026-27; students=all selected,Transitioned students are visible,P1,,Not Executed,
A-CTR-004,Academic,Class Transition,Rollback or correction update if supported,Positive,Transition exists and correction option available,"source class/division, target class/division, academic year, student selection",Modify transition entry and save,source=Grade 5 A; target=Grade 6 A; year=AY 2026-27; students=all selected,Correction reflects correctly,P2,,Not Executed,
A-CTR-005,Academic,Class Transition,Run transition without source class,Negative,Transition form is visible,"source class/division, target class/division, academic year, student selection",Do not select source class and submit,source=Grade 5 A; target=Grade 5 A; year=AY 2026-27,Validation shown and submit blocked,P0,,Not Executed,
A-CTR-006,Academic,Class Transition,Run transition without target class,Negative,Transition form is visible,"source class/division, target class/division, academic year, student selection",Do not select target class and submit,source=Grade 5 A; target=Grade 5 A; year=AY 2026-27,Validation shown and submit blocked,P0,,Not Executed,
A-CTR-007,Academic,Class Transition,Source and target class same,Negative,Transition form is visible,"source class/division, target class/division, academic year, student selection",Select same class as source and target and submit,source=Grade 5 A; target=Grade 5 A; year=AY 2026-27,System blocks invalid transition,P1,,Not Executed,
A-CTR-008,Academic,Class Transition,Transition same students twice,Negative,Students already transitioned,"source class/division, target class/division, academic year, student selection",Run same transition again,source=Grade 5 A; target=Grade 5 A; year=AY 2026-27,System prevents duplicate transition,P1,,Not Executed,
A-TRN-001,Academic,Transfer Student,Open Transfer Student page,Positive,Admin user is logged in,"student, from class/division, to class/division, transfer date/reason",Go to Academic > Transfer Student,student=ADM1001; from=Grade 6 A; to=Grade 6 B; reason=Parent request,Transfer Student page loads successfully,P0,,Not Executed,
A-TRN-002,Academic,Transfer Student,Transfer student with valid details,Positive,Student exists in source class,"student, from class/division, to class/division, transfer date/reason",Select student and transfer details then save,student=ADM1001; from=Grade 6 A; to=Grade 6 B; reason=Parent request,Student transfer is completed successfully,P0,,Not Executed,
A-TRN-003,Academic,Transfer Student,Edit transfer details,Positive,Transfer record exists,"student, from class/division, to class/division, transfer date/reason",Modify transfer reason or destination and save,student=ADM1001; from=Grade 6 A; to=Grade 6 B; reason=Parent request,Transfer details updated,P1,,Not Executed,
A-TRN-004,Academic,Transfer Student,View transfer record list,Positive,Transfer records exist,"student, from class/division, to class/division, transfer date/reason",Open transfer list,student=ADM1001; from=Grade 6 A; to=Grade 6 B; reason=Parent request,Transfer records displayed correctly,P1,,Not Executed,
A-TRN-005,Academic,Transfer Student,Transfer without selecting student,Negative,Transfer form is visible,"student, from class/division, to class/division, transfer date/reason",Leave student unselected and save,student=(blank); from=Grade 6 A; to=(blank); reason=(blank),Validation shown and save blocked,P0,,Not Executed,
A-TRN-006,Academic,Transfer Student,Transfer without destination details,Negative,Transfer form is visible,"student, from class/division, to class/division, transfer date/reason",Do not select destination and save,student=(blank); from=Grade 6 A; to=(blank); reason=(blank),Validation shown,P0,,Not Executed,
A-TRN-007,Academic,Transfer Student,Transfer same student repeatedly without reset,Negative,Student already transferred,"student, from class/division, to class/division, transfer date/reason",Try transfer again immediately,student=(blank); from=Grade 6 A; to=(blank); reason=(blank),System prevents duplicate transfer,P1,,Not Executed,
A-TRN-008,Academic,Transfer Student,Delete transfer record,Negative,Transfer record exists,"student, from class/division, to class/division, transfer date/reason",Delete and confirm,student=(blank); from=Grade 6 A; to=(blank); reason=(blank),Record deleted only after confirmation,P1,,Not Executed,
ROLE-001,Role Based Access,Login,Superadmin login success,Positive,Superadmin account is active,"username/email, password, captcha",Login with superadmin credentials,username=admin@school.com; password=Pass@123; captcha=as displayed,User lands in Admin workspace with full module access,P0,,Not Executed,
ROLE-002,Role Based Access,Login,School user login success,Positive,School user account is active,"username/email, password, captcha",Login with school user credentials,username=admin@school.com; password=Pass@123; captcha=as displayed,User lands in school dashboard URL,P0,,Not Executed,
ROLE-003,Role Based Access,Login,Invalid role login blocked,Negative,Invalid role user exists or tampered response,"username/email, password, captcha",Try login with unauthorized role,username=wrong@school.com; password=Wrong123; captcha=as displayed,System blocks navigation and shows error,P0,,Not Executed,
ROLE-004,Role Based Access,Menu Visibility,Superadmin sees all modules,Positive,Superadmin logged in,"role, allowed modules/pages, user account",Open side menu,role=Admission Clerk; allowed modules=Academic only; user=clerk1,Masters Academic Transportation Finance Timetable Exam Attendance are visible,P0,,Not Executed,
ROLE-005,Role Based Access,Menu Visibility,Restricted role sees only allowed modules,Positive,Restricted role configured,"role, allowed modules/pages, user account",Login as restricted role and open side menu,role=Admission Clerk; allowed modules=Academic only; user=clerk1,Only permitted modules/submenus are visible,P0,,Not Executed,
ROLE-006,Role Based Access,Menu Visibility,Restricted role cannot open hidden URL directly,Negative,Restricted role logged in,"role, allowed modules/pages, user account",Manually open restricted page URL,role=Admission Clerk; try opening restricted URL=/Admin/Role,Access denied or redirected safely,P0,,Not Executed,
ROLE-007,Role Based Access,Permissions,View only permission works,Positive,Role has canView only,"role, allowed modules/pages, user account",Open assigned module and try actions,role=Admission Clerk; allowed modules=Academic only; user=clerk1,List page opens but Add/Edit/Delete are unavailable or blocked,P1,,Not Executed,
ROLE-008,Role Based Access,Permissions,Add permission missing blocks create,Negative,Role has no Add permission,"role, allowed modules/pages, user account",Try to create a new record,role=Admission Clerk; try opening restricted URL=/Admin/Role,Create action is hidden or blocked with message,P1,,Not Executed,
ROLE-009,Role Based Access,Permissions,Edit permission missing blocks update,Negative,Role has no Edit permission,"role, allowed modules/pages, user account",Try to edit existing record,role=Admission Clerk; try opening restricted URL=/Admin/Role,Edit action is hidden or blocked,P1,,Not Executed,
ROLE-010,Role Based Access,Permissions,Delete permission missing blocks delete,Negative,Role has no Delete permission,"role, allowed modules/pages, user account",Try to delete existing record,role=Admission Clerk; try opening restricted URL=/Admin/Role,Delete action is hidden or blocked,P1,,Not Executed,
ROLE-011,Role Based Access,Session,Role change applies after re-login,Positive,Admin updates role permissions,"username/email, password, captcha",Logout then login again,username=admin@school.com; password=Pass@123; captcha=as displayed,Latest module visibility/permissions are applied,P1,,Not Executed,
ROLE-012,Role Based Access,Session,Cross-school data isolation,Negative,Two school users exist,fields as shown in the form,Login as School A then try to access School B context,login user=schoolA_admin; attempt school context=schoolB,School A user cannot access School B data/modules,P0,,Not Executed,
